[{"text": "gesture:greeting", "intent": "communicate", "confidence": 0.7, "timestamp": "2025-04-14 06:25:30.345557"}, {"text": "gesture:nod", "intent": "communicate", "confidence": 0.7, "timestamp": "2025-04-14 06:27:12.594006"}, {"text": "gesture:nod", "intent": "communicate", "confidence": 0.7, "timestamp": "2025-04-14 06:27:15.402628"}, {"text": "gesture:shake", "intent": "communicate", "confidence": 0.7, "timestamp": "2025-04-14 06:27:18.728084"}, {"text": "gesture:open_palm", "intent": "communicate", "confidence": 0.7, "timestamp": "2025-04-14 06:27:31.245294"}, {"text": "gesture:thumbs_down", "intent": "communicate", "confidence": 0.7, "timestamp": "2025-04-14 06:27:34.566888"}, {"text": "gesture:open_palm", "intent": "communicate", "confidence": 0.7, "timestamp": "2025-04-14 06:30:10.407622"}, {"text": "gesture:greeting", "intent": "communicate", "confidence": 0.7, "timestamp": "2025-04-14 06:32:08.128003"}, {"text": "symbol:food", "intent": "hungry", "confidence": 0.9, "timestamp": "2025-04-14 06:40:12.021035"}, {"text": "symbol:medicine", "intent": "need_medicine", "confidence": 0.9, "timestamp": "2025-04-14 06:40:14.541961"}, {"text": "gesture:nod", "intent": "communicate", "confidence": 0.7, "timestamp": "2025-04-14 06:41:55.210844"}, {"text": "symbol:food", "intent": "hungry", "confidence": 0.9, "timestamp": "2025-04-14 06:49:27.375382"}, {"text": "symbol:drink", "intent": "thirsty", "confidence": 0.9, "timestamp": "2025-04-14 06:49:30.528222"}, {"text": "symbol:bathroom", "intent": "bathroom", "confidence": 0.9, "timestamp": "2025-04-14 06:49:33.929039"}, {"text": "symbol:bathroom", "intent": "bathroom", "confidence": 0.9, "timestamp": "2025-04-14 06:49:41.028376"}, {"text": "symbol:bathroom", "intent": "bathroom", "confidence": 0.9, "timestamp": "2025-04-14 06:49:43.490657"}, {"text": "greeting", "intent": "greet", "confidence": 0.95, "timestamp": "2025-04-14 06:50:19.626183"}, {"text": "hi", "intent": "communicate", "confidence": 0.9, "timestamp": "2025-04-14 06:50:39.585788"}, {"text": "alphavox how are you", "intent": "ask_question", "confidence": 0.9, "timestamp": "2025-04-14 06:50:53.754090"}, {"text": "gesture:thumbs_up", "intent": "like", "confidence": 0.9432151918810012, "timestamp": "2025-04-14 06:50:58.179321"}, {"text": "gesture:thumbs_down", "intent": "dislike", "confidence": 0.942469035968192, "timestamp": "2025-04-14 06:51:01.294714"}, {"text": "symbol:food", "intent": "hungry", "confidence": 0.9, "timestamp": "2025-04-14 06:51:09.156774"}, {"text": "symbol:food", "intent": "hungry", "confidence": 0.9, "timestamp": "2025-04-14 06:51:10.701698"}, {"text": "symbol:medicine", "intent": "need_medicine", "confidence": 0.9, "timestamp": "2025-04-14 06:51:12.640658"}, {"text": "symbol:tired", "intent": "tired", "confidence": 0.8, "timestamp": "2025-04-14 06:51:17.143946"}, {"text": "symbol:book", "intent": "want_book", "confidence": 0.8, "timestamp": "2025-04-14 06:51:24.406995"}, {"text": "greeting", "intent": "greet", "confidence": 0.95, "timestamp": "2025-04-14 06:52:59.753504"}, {"text": "greeting", "intent": "greet", "confidence": 0.95, "timestamp": "2025-04-14 07:20:31.067944"}, {"text": "hello", "intent": "greeting", "confidence": 0.99, "timestamp": "2025-04-14 07:20:41.929640"}, {"text": "gesture:thumbs_up", "intent": "like", "confidence": 0.7771672321438524, "timestamp": "2025-04-14 07:20:46.063509"}, {"text": "gesture:thumbs_down", "intent": "dislike", "confidence": 0.8081145462840761, "timestamp": "2025-04-14 07:20:48.364966"}, {"text": "symbol:food", "intent": "communicate", "confidence": 0.0, "timestamp": "2025-04-14 07:20:56.475010"}, {"text": "symbol:food", "intent": "communicate", "confidence": 0.0, "timestamp": "2025-04-14 07:20:57.809502"}, {"text": "symbol:bathroom", "intent": "communicate", "confidence": 0.0, "timestamp": "2025-04-14 07:20:59.420164"}, {"text": "symbol:food", "intent": "communicate", "confidence": 0.0, "timestamp": "2025-04-19 11:01:00.035762"}, {"text": "symbol:food", "intent": "communicate", "confidence": 0.0, "timestamp": "2025-04-19 11:01:03.534665"}, {"text": "symbol:drink", "intent": "communicate", "confidence": 0.0, "timestamp": "2025-04-19 11:01:03.655256"}, {"text": "symbol:drink", "intent": "communicate", "confidence": 0.0, "timestamp": "2025-04-19 11:01:04.040083"}, {"text": "symbol:food", "intent": "communicate", "confidence": 0.0, "timestamp": "2025-04-19 11:01:06.126436"}, {"text": "symbol:happy", "intent": "communicate", "confidence": 0.0, "timestamp": "2025-04-19 11:23:15.325504"}, {"text": "symbol:food", "intent": "communicate", "confidence": 0.0, "timestamp": "2025-04-19 11:30:23.284497"}, {"text": "symbol:food", "intent": "communicate", "confidence": 0.0, "timestamp": "2025-04-19 11:30:26.252283"}, {"text": "symbol:bathroom", "intent": "communicate", "confidence": 0.0, "timestamp": "2025-04-19 11:30:28.388156"}, {"text": "greeting", "intent": "greet", "confidence": 0.95, "timestamp": "2025-04-19 11:32:00.988860"}, {"text": "gesture:nod", "intent": "affirm", "confidence": 0.792548718668986, "timestamp": "2025-04-19 11:32:01.313474"}, {"text": "gesture:nod", "intent": "affirm", "confidence": 0.7832755435571327, "timestamp": "2025-04-19 11:32:02.234501"}, {"text": "gesture:shake", "intent": "deny", "confidence": 0.7607599403796801, "timestamp": "2025-04-19 11:32:02.353470"}, {"text": "gesture:point_up", "intent": "help", "confidence": 0.42751067992833114, "timestamp": "2025-04-19 11:32:02.594079"}, {"text": "gesture:wave", "intent": "greet", "confidence": 0.7153020813041053, "timestamp": "2025-04-19 11:32:08.742088"}, {"text": "gesture:nod", "intent": "affirm", "confidence": 0.7817418626812112, "timestamp": "2025-04-19 11:32:45.907988"}, {"text": "greeting", "intent": "greet", "confidence": 0.95, "timestamp": "2025-04-19 11:45:37.064235"}, {"text": "greeting", "intent": "greet", "confidence": 0.95, "timestamp": "2025-04-19 11:53:48.152802"}, {"text": "greeting", "intent": "greet", "confidence": 0.95, "timestamp": "2025-04-19 12:06:49.720415"}, {"text": "greeting", "intent": "greet", "confidence": 0.95, "timestamp": "2025-04-19 12:09:04.851439"}, {"text": "symbol:food", "intent": "communicate", "confidence": 0.0, "timestamp": "2025-05-02 09:36:42.824672"}, {"text": "symbol:food", "intent": "communicate", "confidence": 0.0, "timestamp": "2025-05-02 09:36:45.115254"}, {"text": "greeting", "intent": "greet", "confidence": 0.95, "timestamp": "2025-05-02 09:55:18.263003"}, {"text": "symbol:medicine", "intent": "unknown", "confidence": 0.23967048757550502, "timestamp": "2025-05-02 10:14:59.896337"}, {"text": "symbol:medicine", "intent": "unknown", "confidence": 0.2452943080702508, "timestamp": "2025-05-02 10:15:04.527420"}, {"text": "hey how you doing alphabox", "intent": "communicate", "confidence": 0.9, "timestamp": "2025-05-02 10:26:43.303482"}, {"text": "I have a box how you doing", "intent": "unknown", "confidence": 0.2, "timestamp": "2025-05-02 10:26:57.081146"}, {"text": "Alpha box can you hear me", "intent": "unknown", "confidence": 0.2, "timestamp": "2025-05-02 10:27:11.363834"}, {"text": "why are you really really really", "intent": "unknown", "confidence": 0.2, "timestamp": "2025-05-02 10:27:20.376983"}, {"text": "gesture:open_palm", "intent": "stop", "confidence": 0.7378369601732544, "timestamp": "2025-05-02 10:28:12.256051"}, {"text": "gesture:open_palm", "intent": "stop", "confidence": 0.7120580865768428, "timestamp": "2025-05-02 10:28:12.495156"}, {"text": "gesture:wave", "intent": "greet", "confidence": 0.41769119178557523, "timestamp": "2025-05-02 10:28:15.393116"}, {"text": "gesture:wave", "intent": "greet", "confidence": 0.7236295322693781, "timestamp": "2025-05-02 10:28:15.639495"}, {"text": "symbol:food", "intent": "unknown", "confidence": 0.24999826902038028, "timestamp": "2025-05-04 00:44:47.834305"}, {"text": "symbol:food", "intent": "unknown", "confidence": 0.24017117908789515, "timestamp": "2025-05-04 00:44:50.565239"}, {"text": "symbol:medicine", "intent": "unknown", "confidence": 0.26332076552165085, "timestamp": "2025-05-04 00:44:51.962319"}, {"text": "symbol:music", "intent": "unknown", "confidence": 0.23999681321569377, "timestamp": "2025-05-04 00:44:55.608411"}, {"text": "hello how are you", "intent": "greeting", "confidence": 0.7724242066469316, "timestamp": "2025-05-05 05:16:52.996294"}, {"text": "gesture:nod", "intent": "affirm", "confidence": 0.7746920858474885, "timestamp": "2025-05-05 05:16:58.228738"}, {"text": "gesture:nod", "intent": "affirm", "confidence": 0.7455003427799627, "timestamp": "2025-05-05 05:16:58.476554"}, {"text": "hey what are you doing buddy", "intent": "greeting", "confidence": 0.6468455780598025, "timestamp": "2025-05-05 05:21:03.633020"}, {"text": "can you get what I'm saying to you can you understand what I'm saying to you", "intent": "communicate", "confidence": 0.9, "timestamp": "2025-05-05 05:22:20.343952"}, {"text": "can you hear what I'm saying can you make out exactly what I'm saying to you cuz I'm having a good time haha", "intent": "communicate", "confidence": 0.9, "timestamp": "2025-05-05 05:23:22.687954"}, {"text": "how are you this evening how are you doing", "intent": "communicate", "confidence": 0.9, "timestamp": "2025-05-05 05:23:45.426953"}, {"text": "gesture:nod", "intent": "communicate", "confidence": 0.7, "timestamp": "2025-05-05 05:24:03.893008"}, {"text": "gesture:nod", "intent": "communicate", "confidence": 0.7, "timestamp": "2025-05-05 05:24:04.103557"}, {"text": "gesture:nod", "intent": "affirm", "confidence": 0.7500644680088641, "timestamp": "2025-05-05 05:33:54.019897"}, {"text": "gesture:nod", "intent": "affirm", "confidence": 0.7723146889100493, "timestamp": "2025-05-05 05:33:54.188171"}, {"text": "symbol:food", "intent": "unknown", "confidence": 0.26627245068148975, "timestamp": "2025-05-05 06:58:27.211323"}, {"text": "symbol:sad", "intent": "unknown", "confidence": 0.264590733260582, "timestamp": "2025-05-05 06:58:31.496955"}, {"text": "symbol:drink", "intent": "unknown", "confidence": 0.2720137674647588, "timestamp": "2025-05-05 06:59:12.793505"}, {"text": "symbol:food", "intent": "unknown", "confidence": 0.27180744052551864, "timestamp": "2025-05-05 07:01:42.042577"}, {"text": "symbol:sad", "intent": "unknown", "confidence": 0.26024763587289945, "timestamp": "2025-05-05 07:01:52.065965"}, {"text": "symbol:bathroom", "intent": "unknown", "confidence": 0.24403814031949675, "timestamp": "2025-05-05 07:06:06.732438"}, {"text": "symbol:pain", "intent": "unknown", "confidence": 0.26943872392219714, "timestamp": "2025-05-05 07:06:09.648823"}, {"text": "symbol:help", "intent": "unknown", "confidence": 0.2713557519795265, "timestamp": "2025-05-05 07:06:13.367484"}, {"text": "symbol:bathroom", "intent": "unknown", "confidence": 0.2570687697076376, "timestamp": "2025-05-05 07:06:16.856142"}, {"text": "symbol:yes", "intent": "unknown", "confidence": 0.2526780150040989, "timestamp": "2025-05-05 07:06:34.133198"}, {"text": "symbol:help", "intent": "unknown", "confidence": 0.2465293525174657, "timestamp": "2025-05-05 07:06:40.934897"}, {"text": "symbol:food", "intent": "unknown", "confidence": 0.2532004553400785, "timestamp": "2025-05-05 07:09:40.718104"}, {"text": "symbol:music", "intent": "unknown", "confidence": 0.2452142160488589, "timestamp": "2025-05-05 07:09:47.790261"}, {"text": "symbol:book", "intent": "unknown", "confidence": 0.2679213620531229, "timestamp": "2025-05-05 07:09:51.185261"}, {"text": "symbol:play", "intent": "unknown", "confidence": 0.24936149140303668, "timestamp": "2025-05-05 07:25:21.877969"}, {"text": "gesture:nod", "intent": "communicate", "confidence": 0.7, "timestamp": "2025-05-05 08:27:03.615952"}, {"text": "gesture:nod", "intent": "communicate", "confidence": 0.7, "timestamp": "2025-05-05 08:27:03.799542"}, {"text": "symbol:food", "intent": "request_food", "confidence": 0.0, "timestamp": "2025-05-05 08:28:42.227995"}, {"text": "symbol:bathroom", "intent": "unknown", "confidence": 0.0, "timestamp": "2025-05-05 10:01:58.129209"}, {"text": "symbol:question", "intent": "unknown", "confidence": 0.0, "timestamp": "2025-05-05 10:01:58.420360"}, {"text": "gesture:nod", "intent": "communicate", "confidence": 0.7, "timestamp": "2025-05-13 22:33:21.832318"}, {"text": "gesture:nod", "intent": "communicate", "confidence": 0.7, "timestamp": "2025-05-13 22:33:21.987092"}, {"text": "gesture:shake", "intent": "communicate", "confidence": 0.7, "timestamp": "2025-05-13 22:33:26.735973"}, {"text": "gesture:shake", "intent": "communicate", "confidence": 0.7, "timestamp": "2025-05-13 22:33:26.887328"}, {"text": "gesture:point_up", "intent": "communicate", "confidence": 0.7, "timestamp": "2025-05-13 22:33:30.369006"}, {"text": "gesture:point_up", "intent": "communicate", "confidence": 0.7, "timestamp": "2025-05-13 22:33:30.495173"}, {"text": "gesture:wave", "intent": "communicate", "confidence": 0.7, "timestamp": "2025-05-13 22:33:34.071625"}, {"text": "gesture:wave", "intent": "communicate", "confidence": 0.7, "timestamp": "2025-05-13 22:33:34.166963"}, {"text": "gesture:open_palm", "intent": "communicate", "confidence": 0.7, "timestamp": "2025-05-13 22:33:37.147548"}, {"text": "gesture:open_palm", "intent": "communicate", "confidence": 0.7, "timestamp": "2025-05-13 22:33:37.250894"}, {"text": "gesture:thumbs_down", "intent": "communicate", "confidence": 0.7, "timestamp": "2025-05-13 22:33:39.382348"}, {"text": "gesture:thumbs_down", "intent": "communicate", "confidence": 0.7, "timestamp": "2025-05-13 22:33:39.499581"}, {"text": "gesture:thumbs_up", "intent": "communicate", "confidence": 0.7, "timestamp": "2025-05-13 22:33:41.857433"}, {"text": "gesture:thumbs_up", "intent": "communicate", "confidence": 0.7, "timestamp": "2025-05-13 22:33:41.991639"}, {"text": "gesture:thumbs_up", "intent": "communicate", "confidence": 0.7, "timestamp": "2025-05-13 22:33:44.654665"}, {"text": "gesture:thumbs_up", "intent": "communicate", "confidence": 0.7, "timestamp": "2025-05-13 22:33:44.676676"}, {"text": "symbol:sad", "intent": "unknown", "confidence": 0.0, "timestamp": "2025-05-13 23:06:24.873083"}, {"text": "symbol:tired", "intent": "unknown", "confidence": 0.0, "timestamp": "2025-05-13 23:06:38.234330"}, {"text": "gesture:open_palm", "intent": "unknown", "confidence": 0.0, "timestamp": "2025-05-13 23:08:20.339859"}, {"text": "gesture:open_palm", "intent": "communicate", "confidence": 0.7, "timestamp": "2025-05-13 23:08:20.524968"}, {"text": "gesture:open_palm", "intent": "unknown", "confidence": 0.0, "timestamp": "2025-05-13 23:08:25.663231"}, {"text": "gesture:open_palm", "intent": "communicate", "confidence": 0.7, "timestamp": "2025-05-13 23:08:25.689478"}, {"text": "gesture:thumbs_up", "intent": "unknown", "confidence": 0.0, "timestamp": "2025-05-13 23:08:39.624340"}, {"text": "gesture:thumbs_up", "intent": "communicate", "confidence": 0.7, "timestamp": "2025-05-13 23:08:39.790903"}, {"text": "gesture:nod", "intent": "communicate", "confidence": 0.7, "timestamp": "2025-05-13 23:42:20.251992"}, {"text": "gesture:nod", "intent": "unknown", "confidence": 0.0, "timestamp": "2025-05-13 23:42:20.288995"}, {"text": "gesture:nod", "intent": "unknown", "confidence": 0.0, "timestamp": "2025-05-13 23:42:25.951826"}, {"text": "gesture:nod", "intent": "communicate", "confidence": 0.7, "timestamp": "2025-05-13 23:42:25.970645"}, {"text": "gesture:nod", "intent": "unknown", "confidence": 0.0, "timestamp": "2025-05-13 23:43:04.908978"}, {"text": "gesture:nod", "intent": "communicate", "confidence": 0.7, "timestamp": "2025-05-13 23:43:04.963512"}, {"text": "gesture:shake", "intent": "communicate", "confidence": 0.7, "timestamp": "2025-05-13 23:44:34.796851"}, {"text": "gesture:shake", "intent": "unknown", "confidence": 0.0, "timestamp": "2025-05-13 23:44:34.843356"}, {"text": "gesture:nod", "intent": "unknown", "confidence": 0.0, "timestamp": "2025-05-13 23:46:33.689866"}, {"text": "gesture:nod", "intent": "communicate", "confidence": 0.7, "timestamp": "2025-05-13 23:46:33.761041"}, {"text": "gesture:nod", "intent": "unknown", "confidence": 0.0, "timestamp": "2025-05-13 23:46:57.317322"}, {"text": "gesture:nod", "intent": "communicate", "confidence": 0.7, "timestamp": "2025-05-13 23:46:57.389766"}, {"text": "gesture:thumbs_up", "intent": "unknown", "confidence": 0.0, "timestamp": "2025-05-13 23:47:04.995501"}, {"text": "gesture:thumbs_up", "intent": "communicate", "confidence": 0.7, "timestamp": "2025-05-13 23:47:05.018800"}, {"text": "gesture:thumbs_up", "intent": "unknown", "confidence": 0.0, "timestamp": "2025-05-13 23:47:41.078582"}, {"text": "gesture:thumbs_up", "intent": "communicate", "confidence": 0.7, "timestamp": "2025-05-13 23:47:41.125743"}, {"text": "gesture:thumbs_up", "intent": "unknown", "confidence": 0.0, "timestamp": "2025-05-13 23:48:41.597255"}, {"text": "gesture:thumbs_up", "intent": "communicate", "confidence": 0.7, "timestamp": "2025-05-13 23:48:41.652601"}, {"text": "gesture:point_up", "intent": "unknown", "confidence": 0.0, "timestamp": "2025-05-13 23:48:46.684572"}, {"text": "gesture:point_up", "intent": "communicate", "confidence": 0.7, "timestamp": "2025-05-13 23:48:46.815490"}, {"text": "gesture:nod", "intent": "unknown", "confidence": 0.0, "timestamp": "2025-05-13 23:53:21.533366"}, {"text": "gesture:nod", "intent": "communicate", "confidence": 0.7, "timestamp": "2025-05-13 23:53:21.613912"}, {"text": "gesture:nod", "intent": "unknown", "confidence": 0.0, "timestamp": "2025-05-13 23:55:24.202252"}, {"text": "gesture:nod", "intent": "communicate", "confidence": 0.7, "timestamp": "2025-05-13 23:55:24.254364"}, {"text": "gesture:nod", "intent": "communicate", "confidence": 0.7, "timestamp": "2025-05-14 00:05:26.982608"}, {"text": "gesture:nod", "intent": "unknown", "confidence": 0.0, "timestamp": "2025-05-14 00:05:27.030867"}]
