[
  {
    "content": "Adaptive algorithms improve communication efficiency by 27%.",
    "source": "communication_research",
    "category": "Communication Research",
    "timestamp": 1760550085.496528,
    "confidence": 0.9589656601510975,
    "priority": "high"
  },
  {
    "content": "Eye-tracking feedback enhances engagement by 37%.",
    "source": "communication_research",
    "category": "Communication Research",
    "timestamp": 1760550085.496528,
    "confidence": 0.9520015124447581,
    "priority": "high"
  }
]