[
  {
    "content": "Voice synthesis with emotion improves satisfaction by 29%.",
    "source": "assistive_technology",
    "category": "Assistive Technology",
    "timestamp": 1760550085.496528,
    "confidence": 0.8649657739783368,
    "priority": "high"
  },
  {
    "content": "Gesture and voice multimodal systems improve accuracy by 52%.",
    "source": "assistive_technology",
    "category": "Assistive Technology",
    "timestamp": 1760550085.496528,
    "confidence": 0.8435404742585294,
    "priority": "high"
  }
]